algorithm,file_size,compressed_size,compression_ratio,L,H,entropy_efficiency_eta,relative_redundancy_R,adaptation_cost_C_adapt,compress_wall_time,compress_peak_memory,decompress_wall_time,compress_throughput,decompress_throughput,lossless
huffman,938,1480,0.6337837837837837,12.622601279317697,4.839323286990872,0.3833855779727566,1.6083401605447456,0.13646055437100213,0.006838799999968614,2.0,0.006965200002014171,0.13080460150803766,0.1284308431244445,True
shannon_fano,938,1481,0.6333558406482107,12.631130063965886,4.839323286990872,0.3831267085750707,1.6101025525451138,0.13646055437100213,0.008701899998413865,2.0,0.005839199999172706,0.10279898745700544,0.15319675793187443,True
hybrid,938,845,1.1100591715976331,7.20682302771855,4.839323286990872,0.6714918998812779,0.48922124031102027,0.8169163909796591,0.004511600000114413,2.0,0.005477099999552593,0.19827699901728368,0.16332484505708042,True
